vus,p99,p95,avg,reqs,fails
2,2303.4032514,2300.997585,569.7048534761905,21,0
2,800.61902441,765.6143749999999,355.1139003928573,28,0
2,2752.39880874,464.34407959999976,312.20724512499993,48,0
3,960.7395544999999,726.2275294999996,406.8771466666667,39,0
4,2568.59598748,2501.759567,693.3966412068966,29,0
4,1053.57346896,902.8326834,452.6323983555556,45,0
4,2296.96731271,1204.5163256999967,299.24258645714286,70,37
