vus,p99,p95,avg,reqs,fails
15,501.56898759999996,395.112146,241.5218327594936,316,0
16,2500.69015651,2415.7530572499995,525.5907238417723,158,4
16,943.8083289999997,792.673759,330.15810833061204,245,0
16,2149.14314432,2099.3637348,327.7737451967875,249,3
