vus,p99,p95,avg,reqs,fails
2,599.7170075,536.2906733499998,297.6196495588235,34,0
3,2301.8998810000003,1900.800737,731.5112027142856,21,0
3,799.9381134399999,797.349083,439.4876323142857,35,0
3,1100.18002785,1027.0619794999998,416.03833697222234,36,0
