vus,p99,p95,avg,reqs,fails
2,2305.46134756,685.1895417999999,335.53758933333336,45,0
3,2389.09801268,1753.8034509999977,483.2237748367347,49,0
3,2165.4944958399997,1477.1094923999995,473.61886161224487,49,0
3,2699.48880672,1725.9526505999975,474.3911064693877,49,0
