vus,p99,p95,avg,reqs,fails
11,489.44026885999995,254.57971689999843,71.82399884114578,768,0
12,391.5414339,254.08808349999836,76.78394883691529,791,0
13,469.33816407999996,393.8393756,97.26644510635147,677,0
13,416.64141378,302.7506287999999,93.33085510511742,723,0
13,387.20262442,292.67815479999996,81.14461405236912,802,0
14,308.72861188,272.3687164,84.14060790276099,833,0
15,519.19209398,411.8187521,117.72534025154316,648,0
15,500.06129116,316.11791439999985,102.46750585372335,752,0
15,516.78433148,408.7692294,107.99354405755417,695,0
